{"cameraMode":{"drawMode":0,"name":"Shaded","section":"Shading Mode"},"sceneLighting":false,"audioPlay":false,"sceneViewState":{"showFog":true,"showMaterialUpdate":false,"showSkybox":true,"showFlares":true,"showImageEffects":true,"showParticleSystems":true},"in2DMode":false,"pivot":{"x":-12.8986177444458,"y":-1.6225876808166505,"z":-2.0643255710601808},"rotation":{"x":0.08074241131544113,"y":-0.7553221583366394,"z":0.09475557506084442,"w":0.6434685587882996},"size":7.8824872970581059,"orthographic":false}