{"cameraMode":{"drawMode":0,"name":"Shaded","section":"Shading Mode"},"sceneLighting":false,"audioPlay":false,"sceneViewState":{"showFog":true,"showMaterialUpdate":false,"showSkybox":true,"showFlares":true,"showImageEffects":true,"showParticleSystems":true},"in2DMode":false,"pivot":{"x":-10.50501537322998,"y":1.508299708366394,"z":-7.470733642578125},"rotation":{"x":0.015934083610773088,"y":-0.8653603792190552,"z":0.027527227997779847,"w":0.5001996755599976},"size":7.8824872970581059,"orthographic":false}