{"cameraMode":{"drawMode":0,"name":"Shaded","section":"Shading Mode"},"sceneLighting":true,"audioPlay":false,"sceneViewState":{"showFog":true,"showMaterialUpdate":false,"showSkybox":true,"showFlares":true,"showImageEffects":true,"showParticleSystems":true},"in2DMode":false,"pivot":{"x":394.2098388671875,"y":271.0997009277344,"z":20.8663330078125},"rotation":{"x":-0.04529457911849022,"y":0.0020943775307387115,"z":-0.00009568946552462876,"w":-0.9989737868309021},"size":232.60682678222657,"orthographic":false}